Submitter,Terminal Owner Name,TERMINAL ID,Address,TERMINAL CITY/TOWN/LOCALITY,TERMINAL COUNTY/PROVINCE,TERMINAL POSTAL CODE,TERMINAL COUNTRY,TERMINAL GEO COORDINATES
Shell,BotanyBay B Vopak depot,TAU000001,49 Friendship Road            ,Port Botany              ,,2036,Australia,
Shell,Botn Vopak BitDepot               ,TAU000002,Unwin Street                  ,Granville              ,,2142,Australia,
Shell,Kwinana Coogee depot,TAU000003,Patterson Road                ,Kwinana                  ,,6167,Australia,
Shell,Hobart Caltex depot       ,TAU000004,Selfs Point Road,New Town,,7008,Australia,
Shell,DarwinEArm Vopak depot,TAU000005,780 Berrimah Road,East Arm                 ,,828,Australia,
Shell,Shell/BP Newcastle         ,TAU000006,5 Chatham Road       ,Hamilton      ,,2303,Australia,
Shell,Shell/Caltex Pt Hedland,TAU000007,Wilson Street,Port Hedland             ,,6721,Australia,
Shell,Newcastle Stolthv depot,TAU000008,,Newcastle                ,,2300,Australia,
Shell,Birkenhead Mobil depot,TAU000009,Elder Road,Birkenhead           ,,5015,Australia,
Shell,Gladstone BP depot        ,TAU000010,McLintock Street,Gladstone,,4680,Australia,
Shell,Geelong,TAU000011,,Geelong,,,Australia,
Shell,Shell Austria GmbH - Linz,TAT000001,Am Tankhafen 6,Linz,,A-4020,Austria,
Shell,Shell Austria GmbH - Lobau,TAT000002,Lobgrundstrasse 3,Wien,,A-1220,Austria,
OMV,OMV R&M GmbH,TAT000003,Mannswörtherstraße 28,Schwechat,,2320,Austria,
OMV,OMV R&M GmbH,TAT000004,Lobgrundstraße 2,Lobau,,1223,Austria,
OMV,OMV R&M GmbH,TAT000005,Wienerstraße 5,St. Valentin,,4300,Austria,
DCC Energy Austria,DCC Energy Austria GmbH - Graz,TAT000006,Alte Poststraße 400,Graz,,8055,Austria,
DCC Energy Austria,DCC Energy Austria GmbH - Klagenfurt,TAT000007,Flatschacherstraße 87,Klagenfurt,,9020,Austria,
DCC Energy Austria,DCC Energy Austria GmbH - Innsbruck,TAT000008,Karwendelstraße 3,Innsbruck,,6020,Austria,
OMV,OMV R&M GmbH,TAT000009,,Schwechat,,2320,Austria,
Shell,TBG,TAT000010,,Salzburg,,,Austria,
Argos,Argos (Varo),TBE000001,Wiedauwkaai 75,Ghent,Oost-Vlaanderen,B-9000,Belgium,
Argos,Argos (Varo),TBE000002,Aarschotseweg 26,Herentals,Antwerpen,B-2200,Belgium,
Argos,Argos (Varo),TBE000003,Schaarbeeklei 600,Vilvoorde,Vlaams-Brabant,B-1800,Belgium,
Argos,Argos (Varo),TBE000004,Herderstraat 8,Hasselt,Limburg,B-3500,Belgium,
Argos,Argos (Varo),TBE000005,Pathoekeweg 74,Brugge,West-Vlaanderen,B-8000,Belgium,
Argos,Argos (Varo),TBE000006,Bossuitstraat 9,Bossuit-Avelgem,West-Vlaanderen,B-8583,Belgium,
ExxonMobil,ExxonMobil,TBE000007,Scheldelaan,Antwerpen,,B-2030,Belgium,
ExxonMobil,ExxonMobil,TBE000008,Rue Ernest Solvay 339,SCLESSIN,,B-4000,Belgium,
ExxonMobil,ExxonMobil,TBE000009,Rue de l'Ancienne Poetnce 18,TOURNAI,,B-7501,Belgium,
Vopak,Vopak Terminal ACS,TBE000010,Scheldelaan 410 Port no. 503,Antwerpen,,B-2040,Belgium,
Vopak,Vopak Terminal Linkeroever,TBE000011,Haandorpweg Port no. 1313,Kallo,,B-9130,Belgium,
Vopak,Vopak Terminal Eurotank,TBE000012,Industrieweg 16 Port no. 399,Antwerpen,,B-2030,Belgium,
Argos,Argos (Varo),TBE000013,Pantserschipstraat 301,Ghent,Oost-Vlaanderen,B-9000,Belgium,
Argos,Alca,TBE000014,D’Herbouvillekaai 103,Antwerpen,,B-2020,Belgium,
Argos,BML,TBE000015,Rue du Dossay 2,Liège,,B-4020,Belgium,
Argos,Vesta,TBE000016,Scheldelaan 470,Antwerpen,,B-2040,Belgium,
ExxonMobil,Total,TBE000017,,Feluy,,,Belgium,
ExxonMobil,LukOil,TBE000018,,Neder-over-Heembeek,,B-1120,Belgium,
ExxonMobil,Total,TBE000019,,Wandre,,,Belgium,
ExxonMobil,UniTank,TBE000020,Regenbeekstraat 60,Roeselare,,8800,Belgium,
ExxonMobil,Total,TBE000021,Hendrik Baelskaai 10a,Oostende,,8400,Belgium,
Argos,Argos (Varo),TBE000022,Wondelgemkaai 142,Ghent,Oost-Vlaanderen,B-9000,Belgium,
Argos,Argos (Varo),TBE000023,Rue de Berloz 3,Liege,Liege,B-4000,Belgium,
Argos,Argos (Varo),TBE000024,Kanaaldijk 3,Brussel (Anderlecht),Bruxelles,B-1070,Belgium,
Shell,PPST (Joint Q8/Delek),TBE000025,Avenue de l'Indépendance 93,Wandre,,4020,Belgium,
Varo Energy,Total,TBE000026,Scheldelaan 14,Antwerpen,Antwerpen,2030,Belgium,
ExxonMobil,ExxonMobil,TCA000001,2225 IOCO RD,IOCO,British Columbia,V3H 3C8,Canada,
ExxonMobil,ExxonMobil (Refinery),TCA000002,3910 92 AVE,EDMONTON,Alberta,T6C 4G3,Canada,
ExxonMobil,ExxonMobil,TCA000003,18 RUE RETTY,SEPT-ILES,Quebec,G4R 4K9,Canada,
ExxonMobil,Husky,TCA000004,5310  52 ST,LLOYDMINSTER,Alberta,T9V 0R7,Canada,
ExxonMobil,Chevron,TCA000005,PORT HARDY,PORTHARDY,British Columbia,V0N 2P0,Canada,
ExxonMobil,ExxonMobil,TCA000006,1150 FINCH AVE W,DOWNSVIEW,Ontario,M3J 2E4,Canada,
ExxonMobil,ExxonMobil,TCA000007,7 CONNORS ROAD,CORNERBROOK,Newfoundland and Labrador,A2H 3G5,Canada,
ExxonMobil,ExxonMobil,TCA000008,585 PLEASANT ST,DARTMOUTH,Nova Scotia,B2Y 3Z7,Canada,
ExxonMobil,ExxonMobil,TCA000009,1 GEORGE ST,SYDNEY,Nova Scotia,B1P 6H4,Canada,
ExxonMobil,ExxonMobil,TCA000010,CONCESSION RD 3,NANTICOKE,Ontario,N0A 1L0,Canada,
ExxonMobil,ExxonMobil,TCA000011,1961 MERIVALE ROAD,NEPEAN,Ontario,K2G 1G1,Canada,
ExxonMobil,ExxonMobil,TCA000012,675 VIDAL ST S,SARNIA,Ontario,N7T 7J2,Canada,
ExxonMobil,ExxonMobil,TCA000013,52 BLACK ROAD,SAULTSTEMARIE,Ontario,P6A 6J8,Canada,
ExxonMobil,ExxonMobil,TCA000014,1160 KELLY LAKE RD,SAULTSTEMARIE,Ontario,P3E 5P4,Canada,
ExxonMobil,ExxonMobil,TCA000015,9910 BARLOW TRAIL SE,CALGARY,Alberta,T2J 2V2,Canada,
ExxonMobil,ExxonMobil,TCA000016,550 MCDONALD ST,REGINA,Saskatchewan,S4N 4X2,Canada,
ExxonMobil,ExxonMobil,TCA000017,2925  HENDERSON HWY,WINNIPEG,Manitoba,R2E 0E9,Canada,
ExxonMobil,ExxonMobil,TCA000018,3232 UNDERHILL AVE,BURNABY,British Columbia,V5A 3C7,Canada,
ExxonMobil,ExxonMobil,TCA000019,2000 ZORKIN RD,NANAIMO,British Columbia,V9R 5L3,Canada,
ExxonMobil,Suncor Canada,TCA000020,9955  BARNETT HHY,PORTMOODY,British Columbia,V3H 3E1,Canada,
ExxonMobil,COOP,TCA000021,9TH AVE N,REGINA,Saskatchewan,S4P 3A1,Canada,
ExxonMobil,Chevron,TCA000022,COBBLE HILL,COBBLEHILL,British Columbia,V0R 1L1,Canada,
ExxonMobil,Suncor Canada,TCA000023,MONTREAL,MONTREAL,Quebec,H1B 1A1,Canada,
ExxonMobil,Suncor Canada,TCA000024,715 MCPHERSON ROAD,OAKVILLE,Ontario,L6L 6S9,Canada,
ExxonMobil,Valero,TCA000025,LT 29 CONCESSION 1 MAITLAND RD,MAITLAND,Ontario,K0E 1P0,Canada,
ExxonMobil,Shell Canada,TCA000026,CHEMAINUS,CHEMAINUS,British Columbia,V0R 1K0,Canada,
ExxonMobil,ExxonMobil,TCA000027,S E 8-1-1W,GRETNA,Manitoba,R0G 0V0,Canada,
ExxonMobil,ExxonMobil,TCA000028,165 CH PRINCIPAL,CAP-AUX-MEULES,Quebec,G4T 1C4,Canada,
ExxonMobil,Suncor Canada,TCA000029,9  LEBRUN ST,RIMOUSKI,Quebec,G5L 2P8,Canada,
ExxonMobil,Suncor Canada,TCA000030,1985  MERIVALE RD,NEPEAN,Ontario,K2G 1G1,Canada,
ExxonMobil,Suncor Canada,TCA000031,300  106TH ST MISSION ISLAND,THUNDERBAY,Ontario,P7C 4W4,Canada,
ExxonMobil,Suncor Canada,TCA000032,HIGHWAY 16A,EDMONTON,Alberta,T5J 2N9,Canada,
ExxonMobil,Suncor Canada,TCA000033,2230 11TH ST W,SASKATOON,Saskatchewan,OON SK,Canada,
ExxonMobil,Suncor Canada,TCA000034,295  TRANQUILLE HWY,KAMLOOPS,British Columbia,V2B 7W2,Canada,
ExxonMobil,Suncor Canada,TCA000035,1605 STEWARD AVE,NANAIMO,British Columbia,V9S 4E4,Canada,
ExxonMobil,Shell Canada,TCA000036,3975 KEELE STREET,DOWNSVIEW,Ontario,M3J 1P1,Canada,
ExxonMobil,Shell Canada,TCA000037,1250  SYDENHAM RD,KINGSTON,Ontario,K7M 3L9,Canada,
ExxonMobil,Shell Canada,TCA000038,ST CLAIR PARKWAY VIDAL & CLIF,SARNIA,Ontario,N7T 2L8,Canada,
ExxonMobil,Shell Canada,TCA000039,251  92ND AVE,EDMONTON,Alberta,T6P 1V9,Canada,
ExxonMobil,Shell Canada,TCA000040,212  PANET RD,WINNIPEG,Manitoba,R3C 3A8,Canada,
ExxonMobil,Shell Canada,TCA000041,2751  UNDERHILL AVE,BURNABY,British Columbia,V5A 3C6,Canada,
ExxonMobil,Valero,TCA000042,7000  MARIEN,MONTREAL,Quebec,H1B 4W3,Canada,
ExxonMobil,Valero,TCA000043,165  CH DES ILES,LEVIS,Quebec,G6V 7M5,Canada,
ExxonMobil,Valero,TCA000044,2534  RANGST-MARTIN,CHICOUTIMI,Quebec,G7H 5G4,Canada,
ExxonMobil,Suncor Canada,TCA000045,1132  FINCH AVE WEST,TORONTO,Ontario,M3J 2E2,Canada,
ExxonMobil,Suncor Canada,TCA000046,2080  OXFORD ST E,LONDON,Ontario,N5V 2Z8,Canada,
ExxonMobil,Chevron,TCA000047,COBBLE HILL,COBBLE HILL,British Columbia,V0R 1L1,Canada,
ExxonMobil,Husky,TCA000048,2542  PULPMILL RD,PRINCE GEORGE,,V2L 4V4,Canada,
ExxonMobil,Valero,TCA000049,21  HAY LANE,CHATHAM,New Brunswick,E1N 3A6,Canada,
ExxonMobil,Irving,TCA000050,10  SYDNEY ST,SAINT JOHN,New Brunswick,E2L 4K1,Canada,
ExxonMobil,Irving,TCA000051,SOUTHSIDE RD,ST. JOHNS,Newfoundland and Labrador,A1B 4A3,Canada,
ExxonMobil,Shell Canada,TCA000052,1010  MCNAB ST,SAULT STE. MARIE,Ontario,P6B 6J1,Canada,
ExxonMobil,Valero,TCA000053,PETLEY ST,CORNER BROOK,Newfoundland and Labrador,A2H 6C2,Canada,
ExxonMobil,Irving,TCA000054,GRAFTON ST,CHARLOTTETOWN,Prince Edward Island,C1A 7K1,Canada,
ExxonMobil,Petroles Harnois,TCA000055,212  HUMPHREY ROAD,LABRADOR CITY,Newfoundland and Labrador,A2V 2K7,Canada,
ExxonMobil,Husky,TCA000056,HIGHWAY 16 E,LLOYDMINSTER,Saskatchewan,S9V 1M6,Canada,
ExxonMobil,Norcan,TCA000057,6370  RUE NOTRE-DAME EST,MONTREAL,Quebec,H1N 2E1,Canada,
ExxonMobil,Enbridge,TCA000058,HWY 63 N,MCMURRAY,Alberta,T9H 3E3,Canada,
ExxonMobil,Valero,TCA000059,21  RUE DU QUAI,GASPE,Quebec,G4X 2E3,Canada,
ExxonMobil,CN,TCA000060,HWY 69 E,FORT MCMURRAY,Alberta,T9H 5R3,Canada,
Irving,Irving,TCA000061,625 Edinburgh Dr,Moncton,New Brunswick,,Canada,
ExxonMobil,ExxonMobil,TCA000062,121 Tank Farm Rd,Belleville,Ontario,K0K 1K0,Canada,
ExxonMobil,ExxonMobil,TCA000063,42099 Mackenzie Hwy,Hay River,Northwest Territories,X0E 0R9,Canada,
ExxonMobil,ExxonMobil (Terminal),TCA000064,3014  101ST AVE,EDMONTON,Alberta,T6C 4G3,Canada,
ExxonMobil,Shell (Terminal),TCA000065,10605 Henri Bourassa,Montreal,,,Canada,
ExxonMobil,Shell (Refinery),TCA000066,10501  SHERBROOKE ST E,MONTREAL,,,Canada,
Chevron,Chevron,TCA000067,4403 Eton St,Burnaby,British Columbia,V5C1V1,Canada,
ExxonMobil,Irving,TCA000068,440 Pleasant St,DARTMOUTH,Nova Scotia,B2Y3S5,Canada,
ExxonMobil,ExxonMobil,TCA000069,930 DOUGLAS ST,BRANDON,MB,R7A 7B2,Canada,
ExxonMobil,ExxonMobil,TCA000070,801 7TH AVE,BOW ISLAND,AB,T0K 0G0,Canada,
ExxonMobil,ExxonMobil,TCA000071,1100 6TH AVE E AT 10TH ST,PRINCE ALBERT,SK,S6V 5R4,Canada,
ExxonMobil,ExxonMobil,TCA000072,225 RAILWAY AVE,STOUGHTON,SK,S0G 4T0,Canada,
ExxonMobil,ExxonMobil,TCA000073,8132 EDGAR INDUSTRIEL CLOSE,RED DEER,AB,T4P 3R4,Canada,
ExxonMobil,ExxonMobil,TCA000074,HWY 4 N & FORREST HALL RD,NORTH BATTLEFORD,SK,S9A 3W1,Canada,
ExxonMobil,ExxonMobil,TCA000075,5203 63 AVE,LLOYDMINSTER,AB,T9V 1N4,Canada,
ExxonMobil,ExxonMobil,TCA000076,14255 100 ST,GRANDE PRAIRIE,AB,T8V 7C1,Canada,
ExxonMobil,ExxonMobil,TCA000077,SOUTH BYPASS,PORTAGE LA PRAIRIE,MB,R1N 3B7,Canada,
ExxonMobil,ExxonMobil,TCA000078,5415 51ST AVE,VIKING,AB,T0B 4N0,Canada,
ExxonMobil,ExxonMobil,TCA000079,HWY 1,VIRDEN,MB,R0M 2C0,Canada,
ExxonMobil,ExxonMobil,TCA000080,441 MAIL ST,ARBORG,MB,R0C 0A0,Canada,
ExxonMobil,ExxonMobil,TCA000081,1204 MAIN ST N MCKENZIE HWY,MANNING,AB,T0H 2M0,Canada,
ExxonMobil,ExxonMobil,TCA000082,RAILWAY AVE,RAYMORE,SK,S0A 3J0,Canada,
ExxonMobil,ExxonMobil,TCA000083,2 Commercial Cres,Meadow Lake,SK,S0M 1V0,Canada,
Shell,Shell Canada,TCA000084,10326 Barlow Trail SE,CALGARY,AB,,Canada,
Shell,Shell Canada,TCA000085,391 Burlington Street East,Hamilton      ,Ontario,,Canada,
Shell,Shell Canada,TCA000086,369 Hunt Club Road,NEPEAN,Ontario,,Canada,
ExxonMobil,Ultramar Valero,TCA000087,General Delivery,Holyrood,NL,A0A 2R0,Canada,
ExxonMobil,Vopak,TCA000088,2775 Rue Georges V,Montreal EST,QC,H1L 6J7,Canada,
ExxonMobil,Ultramar Valero,TCA000089,Industrial Park Rd,Springdale,NL,A0J 1TO,Canada,
ExxonMobil,Gibson,TCA000090,10534 17 ST NW,Edmonton,AB,T6P 1R2,Canada,
ExxonMobil,Suncor Canada,TCA000091,4420 Keith Avenue,Terrace Bay,BC,V8G1J8,Canada,
ExxonMobil,Westcan Transport Limited Partnership/ Westcan Bulk Transport Ltd,TCA000092,116 Eagle Drive,Yellow Knife,NT,,Canada,
ExxonMobil,North Atlantic Refining Company,TCA000093,,Come by Chance,NL,A0B1N0,Canada,
ExxonMobil,CN,TCA000094,8820 KEELE ST.,Concord,ON,L4K 2N2,Canada,
ExxonMobil,Irving,TCA000095,29 Century Dr,Hebbville,NS,B4V 2W3,Canada,
ExxonMobil,Irving,TCA000096,20 Prospect St,Yarmouth,NS,B5A 4J1,Canada,
ExxonMobil,Irving,TCA000097,489 Stewart St,New Glasgow,NS,B2H 5E7,Canada,
ExxonMobil,Irving,TCA000098,28 Paint St,Port Hawkesbury,NS,B0E 2V0,Canada,
US Development,US Development,TCA000099,423051 Range Rd 92,Hardisty,AB,T0B 1V0,Canada,
ExxonMobil,Elbow River,TCA000100,"34451 Refinery Road, Range Road 11",Bowden,AB,T0M 0K0,Canada,
ExxonMobil,ASIG,TCA000101,Winnipeg Airport,PAPER STATION,MB,,Canada,
ExxonMobil,ASIG,TCA000102,265  LECKIE ST,GLOUCESTER,ON,K1V 1S3,Canada,
ExxonMobil,ASIG,TCA000103,PEARSON INTERNATIONAL AIRPORT,TORONTO,ON,L5P 1A2,Canada,
ExxonMobil,ASIG,TCA000104,438 Cygnet Drive,BEDFORD,NS,B4A 3X3,Canada,
ExxonMobil,ASIG,TCA000105,65 W Brook Circle,DIEPPE,NB,E1A 5K5,Canada,
ExxonMobil,ASIG,TCA000106,Charlottetown Airport,CHARLOTTETOWN,PE,C1A 8C5,Canada,
ExxonMobil,ASIG,TCA000107,8 Beechwood Drive,DOMINION,NS,B0A 1E0,Canada,
ExxonMobil,FSM Management Group,TCA000108,694 Boul Albert de Niverville,DORVAL,QC,H4Y 1G6,Canada,
ExxonMobil,ASIG,TCA000109,EDMONTON INT'L AIRPORT,PAPER STATION,AB,T9E 8E2,Canada,
ExxonMobil,ASIG,TCA000110,2000  AIRPORT RD NE,CALGARY,AB,T2E 6W5,Canada,
ExxonMobil,ExxonMobil,TCA000111,373 St Andrews St,Sarnia,ON,N7T7M5,Canada,
ExxonMobil,ExxonMobil,TCA000112,1 Raven Rd,Norman Wells,NT,X0E0V0,Canada,
ExxonMobil,ExxonMobil,TCA000113,3940 Port Malcolm Rd,Point Tupper,,B0E2V0,Canada,
ExxonMobil,Coop,TCA000114,221005 Range Road 264,Carseland,AB,T0J0M0,Canada,
ExxonMobil,NorthWest Redwater Partnership,TCA000115,56116 Range Road 220,Sturgeon County,AB,T0A2W0,Canada,
ExxonMobil,Rail,TCA000116,6917 Hwy 95,Kingsgate,BC,V0B 1V1,Canada,
Shell,Shell,TCA000117,201 Kensington Avenue,Burnaby,BC,V5B 4B2,Canada,
ExxonMobil,Vancouver Airport Authority,TCA000118,32403 Grant McConachie Way,Richmond,BC,V7B 1W2,Canada,
ExxonMobil,Plains Midstream Canada,TCA000119,1182 Plank Road,Sarnia,ON,N7T 7H9,Canada,
ExxonMobil,Exchange Petroleum,TCA000120,2000 Wellington Ave,WINNIPEG,MB,R3C 2E9,Canada,
ExxonMobil,YYJ FBO Services,TCA000121,"1640 Electra Blvd, Sidney",VICTORIA,BC,V8W 2L9,Canada,
ExxonMobil,Landmark Aviation,TCA000122,"3211 Grant McConachie Way, Richmond",VANCOUVER,BC,V6B 2P7,Canada,
ExxonMobil,B&W Aviation,TCA000123,750  CRUMLIN RD,LONDON,ON,N5V 3B6,Canada,
ExxonMobil,Lancaster Aviation,TCA000124,3035  TUTOR DRIVE,REGINA,SK,S4W 1B5,Canada,
ExxonMobil,Lancaster Aviation,TCA000125,HGR #10,SASKATOON,SK,S7L 6S1,Canada,
ExxonMobil,MaintAir,TCA000126,100 Princess St,THUNDER BAY,ON,P7B 5E8,Canada,
Gibson Energy,Gibson Energy,TCA000127,10534 17th St N.W.,Edmonton,ON,T6P 1P4,Canada,
Shell,Dansk Shell AS Fredericia,TDK000001,Egeskovvej 265,Fredericia,,7000,Denmark,
Statoil,StatOil,TDK000002,Beredskabsvej 8,Hedehusene,,2640,Denmark,
Statoil,StatOil,TDK000003,Asnesvej 7,Kalundborg,,4400,Denmark,
Statoil,StatOil,TDK000004,Rørdalsvej 38,Aalborg Øst,,9220,Denmark,
Vopak,Vopak E.O.S.,TEE000001,Regati pst 1 ,Tallinn,,11911,Estonia,
Vopak,Vopak Terminal Hamina,TFI000001,Hamina Öljysatamantie 10 ,Hamina,,49460,Finland,
Vopak,Vopak Terminal Mussalo,TFI000002,Mussalo Deep Harbour ,Kotka,,48310,Finland,
BP,Neste Oyj - Kemi,TFI000003,Öljysatamantie 119,Kemi,,94900,Finland,
BP,Neste Oyj - Porvoo,TFI000004,Nesteentie 382-13,Kulloo,,6100,Finland,
ExxonMobil,ExxonMobil,TFR000001,SOCORAIL route du Guigonnet,FOS SUR MER,,13270,France,
ExxonMobil,ExxonMobil,TFR000002,Porte B Depot livreur PJG,PORT JEROME,,76330,France,
ExxonMobil,ExxonMobil,TFR000003,ZI Nord-28 av de Fondeyre,TOULOUSE,,31200,France,
ExxonMobil,ExxonMobil,TFR000004,Route des Pétroles ,VILLENEUVE LE ROI,,94290,France,
ExxonMobil,ExxonMobil,TFR000005,Port Edouard Herriot - 8 Rue d'Arles,LYON  PORT HERRIOT ,,69007,France,
ExxonMobil,DPLC,TFR000006,Vazzio,AJACCIO,,20000,France,
ExxonMobil,RAFFINERIE DU MIDI,TFR000007,4 Rue De La Bouverie,ANNECY GPHS,,74000,France,
ExxonMobil,Depots Petroliers d'Aquitaine,TFR000008,Nouvelle Route D'Ambes,BASSENS,,33530,France,
ExxonMobil,DPLC,TFR000009,BP 4 Lucciana,BASTIA,,20290,France,
ExxonMobil,DPC (Operated by RM),TFR000010,51 Rue Gaston Lamy,CAEN,,14120,France,
ExxonMobil,BOLLORE,TFR000011,RN 77 Nuisement/Cole,CHALON MARNE SFDM,,51240,France,
ExxonMobil,RAFFINERIE DU MIDI,TFR000012,Rue Des Osiers,COIGNERES,,78310,France,
ExxonMobil,RAFFINERIE DU MIDI,TFR000013,10 Rue Des Verriers,DIJON,,21000,France,
ExxonMobil,TOTAL,TFR000014,BP31,DONGES,,44480,France,
ExxonMobil,BP ,TFR000015,BP 303,FRONTIGNAN,,34110,France,
ExxonMobil,SOGEPP,TFR000016,27 Route Du Bassin N6,GENNEVILLIERS,,92230,France,
ExxonMobil,SPLRL,TFR000017,Lotissement Du Malembas,HAUCONCOURT,,57280,France,
ExxonMobil,BOLLORE,TFR000018,8 Rue De Bethencourt BP 2016,LA PALLICE,,,France,
ExxonMobil,COMPAGNIE INDUSTRIELLE MARITIME,TFR000019,Rue E Mercier BP 11 Compans,MITRY MORY,,77290,France,
ExxonMobil,RUBIS,TFR000020,1 Rue De L'Ancienne Mare,PETIT QUEVILLY,,76140,France,
ExxonMobil,TOTAL,TFR000021,"5 Rue Guy Moquet BP,27",PORT LA NOUV SARAM,,11210,France,
ExxonMobil,TOTAL,TFR000022,144 Chemin De La Plaine,PUGET GPCA,,83480,France,
ExxonMobil,Petroplus,TFR000023,BP 40,REICHSTETT,,,France,
ExxonMobil,CDH,TFR000024,BP 42,ROGNAC,,13131,France,
ExxonMobil,BOLLORE,TFR000025,28.A Société SFDM R.D.,SAINT BAUSSANT,,54470,France,
ExxonMobil,DPC,TFR000026,50 Avenue Maurice Berteaux,SAINT POL DPC,,59430,France,
ExxonMobil,RAFFINERIE DU MIDI,TFR000027,133 Avenue D Papin,ST JEAN DE BRAYE RM,,45800,France,
ExxonMobil,GPSPC,TFR000028,Zone Industrielle,ST P DES CORPS GSPC ,,37700,France,
ExxonMobil,RUBIS,TFR000029,ZI De Saint Marc,STOCKBREST,,29200,France,
ExxonMobil,CDH,TFR000030,,VALENCE,,,France,
ExxonMobil,TOTAL,TFR000031,BP 37,VERN SUR SEICHE,,35770,France,
Argos,Argos,TFR000032,Rue des Frères Lumière,Chalon sur Saône,Saône-et-Loire,FR-71100,France,
Argos,Argos,TFR000033,Route de Batilly,Beaune la Rolande,Loiret,FR-45340,France,
ExxonMobil,DPF,TFR000034,"13270 FOS SUR MER DPF, ZI SECTEUR 81 AUDIENCE 818",FOS SUR MER,,,France,
ExxonMobil,Total,TFR000035,"26800 PORTES L VALENCE GP, ZA DE MORLON",Portes lès Valence,,,France,
ExxonMobil,Depot Petrolier de Lorient,TFR000036,"56103 LORIENT, 10 RUE DE SEGNELAY BP 306",Lorient,,,France,
ExxonMobil,Total,TFR000037,23 route de la Seine,GENNEVILLIERS,,92230,France,
ExxonMobil,Geogaz,TFR000038,"13117 LAVERA GEOPROPANE, BP 70",Lavera,,,France,
ExxonMobil,CCMP,TFR000039,"92008 NANTERRE, 149 bd du General Leclerc",Nanterre,,,France,
ExxonMobil,Rubis,TFR000040,"67000 Strasbourg, 28 Rue de Rouen",Strasbourg,,,France,
ExxonMobil,DPF,TFR000041,"69007 LYON EP, 6 RUE D'ARLES PORT HERRIOT",LYON  PORT HERRIOT ,,,France,
ExxonMobil,Rubis,TFR000042,RD 37,REICHSTETT,,67117,France,
ExxonMobil,Rubis,TFR000043,Boulevard de Stalingrad,Grand QUEVILLY,76121,,France,
ExxonMobil,CCMP,TFR000044,Route des Pétroles 49080 Bouchemaine - France,BOUCHEMAINE PO,,,France,
ExxonMobil,Dépôt pétrolier de Lyon DPL,TFR000045,Port Edouard Herriot 69007 Lyon - France,LYON DP PORT HERRIOT,,,France,
ExxonMobil,TOTAL,TFR000046,77720 Grandpuits - France,GRANDPUITS DIS,,,France,
ExxonMobil,CCMP,TFR000047,1 Chemin du Port 91350 Grigny - France,GRIGNY CIM,,,France,
ExxonMobil,PICOTY,TFR000048,6 avenue de Béthencourt 17000 La Rochelle - France,PALLICE PICOTY,,,France,
ExxonMobil,RM,TFR000049,57 avenue de Belgique - Illzach 68110 Mulhouse - France,MULHOUSE EP,,,France,
ExxonMobil,RUBIS,TFR000050,16 Rue de Pétroles 69800 Saint-Priest - France,ST PRIEST,,,France,
ExxonMobil,TOTAL,TFR000051,15 route de Paris 31150 Lespinasse - France,TOTAL LESPINASSE,,,France,
ExxonMobil,TOTAL,TFR000052,"Route de la Chimie, Gonfreville-l'Orcher",GONFREVILLE ,GONFREVILLE ,76700,France,
Shell,Shell Deutschland Oil GmbH - Altmannshofen,TDE000001,Am Waizenhof 24,Aichstetten,,88317,Germany,
Shell,Shell Deutschland Oil GmbH - Flörsheim,TDE000002,Liebigstrasse 93,Flörsheim,,65439,Germany,
Shell,Shell Deutschland Oil GmbH - Harburg,TDE000003,Hohe-Schaar-Strasse 34,Hamburg,,21107,Germany,
Shell,Shell Deutschland Oil GmbH - Godorf,TDE000004,Godorfer Hauptstrasse 150,Köln-Godorf,,50997,Germany,
Shell,Shell Deutschland Oil GmbH - Wesseling Refinery,TDE000005,Ludwigshafener Strasse 1,Wesseling,,50389,Germany,
Shell,Shell Deutschland Oil GmbH - Wesseling,TDE000006,Leunaer Strasse,Wesseling,,50389,Germany,
Shell,Shell Deutschland Oil GmbH - Ludwigshafen,TDE000007,Shellstrasse 1,Ludwigshafen,,67065,Germany,
Shell,Shell Deutschland Oil GmbH - Würzburg,TDE000008,Friedrich-Koenig Strasse 15,Würzburg,,97080,Germany,
ExxonMobil,ExxonMobil,TDE000009,Neuffenstrasse 27,SCHWENNINGEN,,78056,Germany,
Vopak,Vopak Dupeg Terminal Hamburg - Site Neuhof,TDE000010,Alta Rethedamm 2 ,Hamburg,,21107,Germany,
OMV,OMV R&M GmbH,TDE000011,,,,,Germany,
ExxonMobil,BP,TDE000012,AM STADTHAFEN 60,GELSENKIRCHEN,,45801,Germany,
ExxonMobil,BP,TDE000013,SOEHRESTR 7,KASSEL,,34123,Germany,
ExxonMobil,Grosstanklager-Ölhafen Rostock GmbH,TDE000014,Oeverwischenweg 1,ROSTOCK,,18146,Germany,
ExxonMobil,MIRO,TDE000015,DEA-SCHOLVEN-STR,KARLSRUHE,,76187,Germany,
ExxonMobil,TLS,TDE000016,ZUM OELHAFEN 49,STUTTGART,,70327,Germany,
ExxonMobil,BP,TDE000017,Raffineriestrasse,LINGEN,,49808,Germany,
ExxonMobil,HGM,TDE000018,WINDHUKSTR 3,BREMEN,,28237,Germany,
ExxonMobil,MUT,TDE000019,AM HANSEHAFEN 3,MAGDEBURG,,39126,Germany,
ExxonMobil,OILTANKING,TDE000020,BLUMENSAND 38,HAMBURG,,21107,Germany,
ExxonMobil,OILTANKING,TDE000021,KAISER-WILHELM-STR. 135,BERLIN,,12247,Germany,
ExxonMobil,OILTANKING,TDE000022,WERFTSTR 41,BENDORF/RHEIN,,56170,Germany,
ExxonMobil,OILTANKING,TDE000023,Saarstrasse 14,Hanau,,63450,Germany,
ExxonMobil,Petroplus,TDE000024,ESSO-STR 1,KOESCHING,,85092,Germany,
ExxonMobil,PetroTank,TDE000025,NEUE SPEICHERSTR 18,HANNOVER,,30453,Germany,
ExxonMobil,PCK und elf Tanklagerbetrieb Seefeld GbR,TDE000026,KRUMMENSEER CHAUSSEE 23,SEEFELD,,16356,Germany,
ExxonMobil,Hestya Energy,TDE000027,,Wilhelmshaven,,,Germany,
ExxonMobil,TANQUID,TDE000028,DETMOLDSTR 11,MUNICH,,80935,Germany,
ExxonMobil,BP,TDE000029,HAMBURGER-STR 84,NUERNBERG,,90451,Germany,
ExxonMobil,TOTAL,TDE000030,CHEMNITZER STR 32,HARTMANNSDORF,,9232,Germany,
ExxonMobil,TOTAL,TDE000031,STADTPARKWEG 18,KIEL,,24106,Germany,
ExxonMobil,TOTAL,TDE000032,Am Schlutershof 12,DUISBURG,,47059,Germany,
ExxonMobil,TOTAL,TDE000033,MAIENWEG 1,SPERGAU,,6237,Germany,
ExxonMobil,UniTank,TDE000034,OESTERFELDSTR,EMLEBEN,,99869,Germany,
ExxonMobil,Klesch,TDE000035,Meldorfer Strasse 43,Hemmingstedt/HEIDE,,25770,Germany,
ExxonMobil,PetroTank,TDE000036,,Braunschweig,,,Germany,
ExxonMobil,PetroTank,TDE000037,,Hildesheim,,,Germany,
ExxonMobil,PCK und elf Tanklagerbetrieb Seefeld GbR,TDE000038,,Schwedt,,,Germany,
ExxonMobil,PetroTank,TDE000039,Tankweg 18 PO Box 120251,Dortmund,,44147,Germany,
Shell,Trevitank,TDE000040,Tanklager Trier Ostkai 4,Trier,,D-54293,Germany,
Shell,UniTank,TDE000041,B43,Raunheim,,65479,Germany,
Shell,BayernOil,TDE000042,Deer Wag,Vohburg,,85088,Germany,
Shell,BayernOil,TDE000043,Pastfach 12 52,Neustadt,,93328,Germany,
Shell,Erich Doetsch Mineralolhandels KG,TDE000044,,Andernach,,,Germany,
Shell,OILTANKING,TDE000045,Parallelhafen 36,DUISBURG,,47059,Germany,
Shell,PetroTank,TDE000046,On Molenkopf 7,Koln (Cologne),,D-50735,Germany,
Shell,TANQUID,TDE000047,Duisburger Strabe 15-17,Neuss,,D-41460,Germany,
Shell,TANQUID,TDE000048,Konigsberger Str 19,Neuss,,41460,Germany,
Shell,Tamoil (Holborn Europa Raffinerie GmbH),TDE000049,Moorburgerstrasse,Hamburg,,16 - 21079,Germany,
Shell,Total,TDE000050,Oststrabe 14,Kehl,,77694,Germany,
Shell,Georg Schneider GmbH,TDE000051,Am Hoffen 5,Gernsheim,,64579,Germany,
Shell,PetroTank,TDE000052,Hilpertstrabe 31,Erlangen,,D-91052,Germany,
Shell,TANQUID,TDE000053,Rudolf-Diesel-Strabe 3-5,Koblenz,,D-56070,Germany,
Shell,TANQUID,TDE000054,Am Neuen Rheinhafen 12,Speyer,,D-67346,Germany,
Shell,Praeg,TDE000055,Im Moos 2,Kempten,,87435,Germany,
Shell,Praeg,TDE000056,Bozener Strabe 10A,Augsburg,,86165,Germany,
Shell,Tabeg,TDE000057,Bahnhofstrasse 2,Schonteichen,,1920,Germany,
Shell,PetroTank,TDE000058,Rheindeich Strabe 131,Duisburg,,D-47199,Germany,
Shell,PetroTank,TDE000059,Furstauer Route 65,Osnabruk,,D-49090,Germany,
Shell,OILTANKING,TDE000060,Diselstr 4-16,Frankfurt,,60314,Germany,
Shell,UniTank,TDE000061,Westhafenstrabe 1,Berlin,,13353,Germany,
Shell,UniTank,TDE000062,Quedlinburg Strabe 11,Berlin,,10589,Germany,
Shell,Trevitank,TDE000063,Am Grunen Weg,Bullay,,56859,Germany,
Shell,PetroTank,TDE000064,Brothers-Kastner-Str 10,Marktredwitz,,D-95615,Germany,
Shell,PetroTank,TDE000065,Canthalstabe 6,Hanau,,D-63450,Germany,
Shell,TANQUID,TDE000066,Olinsel 2,DUISBURG,,D-47138,Germany,
Shell,BayWa,TDE000067,Kohlenkaistraße 11,Aschaffenberg,,63741,Germany,
Shell,OILTANKING,TDE000068,Siemensstr. 41,Gera,,7546,Germany,
Shell,Vopak,TDE000069,Alter Rethedamm 2,Hamburg,,21107,Germany,
Shell,PetroTank,TDE000070,Hansastr. 36,HANNOVER,,D-30149,Germany,
Shell,TFSB,TDE000071,Am Seegraben,Schonefeld,,12529,Germany,
Shell,PetroTank,TDE000072,Southern Harbour Road 9,Wursburg,,D-97080,Germany,
ExxonMobil,BP,TDE000073,LANDDAMM STR 13-17                               ,GUSTAVSBURG,,65462,Germany,
ExxonMobil,Raben Trans European Germany GmbH,TDE000074,Europaallee 22,Duisburg,,D-47229,Germany,
ExxonMobil,TANQUID,TDE000075,Hansastrasse 36,HANNOVER,,30400,Germany,
ExxonMobil,FBG Tanklager Heilbronn,TDE000076,OBERGRUPPENBACH,UNTERGRUPPENBACH,,74199,Germany,
ExxonMobil,FBG Tanklager Bellheim,TDE000077,An der Landstrasse 539,Bellheim,,75756,Germany,
ExxonMobil,UniTank,TDE000078,Hafenstrasse 77,FUERTH,,90768,Germany,
ExxonMobil,BP (Transtank),TDE000079,"50735 Köln, St.-Leonardus-Strasse 3",Niehl (Cologne),,,Germany,
ExxonMobil,DS Mineraloel,TDE000080,"28237 Bremen, Waterbergstrasse 9",Bremen,,,Germany,
ExxonMobil,Weert Ihnen GmbH,TDE000081,"26725 Emden, Zur alten Brikettfabrik 1",Emden,,,Germany,
ExxonMobil,BP,TDE000082,Meissner str 6,Bodenbach,,1683,Germany,
ExxonMobil,BP,TDE000083,Meine str 16,Braunschweig,,38110,Germany,
ExxonMobil,UTG,TDE000084,Westuferstr. 15A 45356 Essen / Germany,Essen,,45356,Germany,
ConocoPhillips,ConocoPhillips Whitegate Refinery Ltd,TIE000001,Whitegate Raod,Middleton,County Cork,N/A,Ireland,
ExxonMobil,ExxonMobil,TIE000002,Alexandra Road,DUBLIN,,1,Ireland,
ExxonMobil,ExxonMobil,TIE000003,Marsh Meadow,CO. WEXFORD (NEW ROSS),,,Ireland,
ExxonMobil,Topaz,TIE000004,,Galway,,,Ireland,
ExxonMobil,Topaz,TIE000005,,Letterkenny,,,Ireland,
ExxonMobil,Topaz,TIE000006,Promenade Road,Dublin,,,Ireland,
ExxonMobil,Topaz,TIE000007,,Limerick,,,Ireland,
DTN,Jones Oil,TIE000008,,Carlow,,,Ireland,
DTN,Jones Oil,TIE000009,Farnham Road,Cavan,,,Ireland,
DTN,Jones Oil,TIE000010,Port Road,Letterkenny,,,Ireland,
DTN,Jones Oil,TIE000011,,Kildare,,,Ireland,
DTN,Jones Oil,TIE000012,Castlecomer Road,Kilkenny,,,Ireland,
DTN,Jones Oil,TIE000013,"Tea Lane, Mountrath Road",Portlaoise,,,Ireland,
DTN,Jones Oil,TIE000014,Cortober Road,Carrick on Shannon,,,Ireland,
DTN,Jones Oil,TIE000015,Barrack Street,Dundalk,,,Ireland,
DTN,Jones Oil,TIE000016,"Culleens, Killala Road",Ballina,,,Ireland,
DTN,Jones Oil,TIE000017,Station Road,Claremorris,,,Ireland,
DTN,Jones Oil,TIE000018,,Navan,,,Ireland,
DTN,Jones Oil,TIE000019,,Bray,,,Ireland,
DTN,Jones Oil,TIE000020,Railway Yard,Arklow,,,Ireland,
DTN,Jones Oil,TIE000021,Marsh Meadow,New Ross,,,Ireland,
DTN,Jones Oil,TIE000022,Mullingar Business Park,Mullingar,,,Ireland,
DTN,Jones Oil,TIE000023,Castlemaine St.,Athlone,,,Ireland,
DTN,Jones Oil,TIE000024,Manor Street,Waterford,,,Ireland,
DTN,Jones Oil,TIE000025,Prior Park,Clonmel,,,Ireland,
DTN,Jones Oil,TIE000026,Finisklin Road,Sligo,,,Ireland,
DTN,Jones Oil,TIE000027,,Edenderry,,,Ireland,
DTN,Jones Oil,TIE000028,,Birr,,,Ireland,
Shell,Shell Italie - Visco,TIT000001,Via Gorizia 35,Visco,UD,33040,Italy,
Shell,Shell Italia - Trieste,TIT000002,Via Flavia di Aquilinia 24/1,Muggia,TS,34015,Italy,
ExxonMobil,ExxonMobil,TIT000003,Via Papa Giovanni 13,ARLUNO,,20010,Italy,
ExxonMobil,ExxonMobil,TIT000004,"Via Stradale Torino, 225",CHIAVASSO (TORINO),,10034,Italy,
ExxonMobil,ExxonMobil,TIT000005,Via Nuova delle Brecce 127,BARRA (NAPOLI),,80147,Italy,
ExxonMobil,ExxonMobil,TIT000006,"Via Messina Marine, 813",PALERMO,,90121,Italy,
ExxonMobil,ExxonMobil,TIT000007,CP101,AUGUSTA,,96011,Italy,
ExxonMobil,ExxonMobil,TIT000008,Ex SS 114 Km 135 + 415,AUGUSTA,,96011,Italy,
ExxonMobil,ExxonMobil,TIT000009,Via Vigevano 43,NOVARA,,28069,Italy,
ExxonMobil,ExxonMobil,TIT000010,Via Papa Giovanni XXIII,ARLUNO (Milano),,20010,Italy,
ExxonMobil,Arcola Saras,TIT000011,,Cagliari,,,Italy,
ExxonMobil,ENI,TIT000012,,Calenzano,,,Italy,
ExxonMobil,Tamoil,TIT000013,,Cremona,,,Italy,
ExxonMobil,ENI,TIT000014,Viale Tesei Teseo 5,Portoferraio,,57037,Italy,
ExxonMobil,API,TIT000015,,Falconara,,,Italy,
ExxonMobil,Q8,TIT000016,,Lacchiarella,,,Italy,
ExxonMobil,Costieri D'Alesio,TIT000017,Via Aurelia 74,Livorno (Leghorn),,57123,Italy,
ExxonMobil,IES - Italiana Energio E Servizio (terminal),TIT000018,Strada Cipata 79,Mantova,,,Italy,
ExxonMobil,ENI,TIT000019,Contrada Mangiavacca,Milazzo,,98057,Italy,
ExxonMobil,ENI,TIT000020,,Ravenna,,,Italy,
ExxonMobil,Arcola Saras,TIT000021,Via Aurelia Nord 8,Civtvecchia,,53,Italy,
ExxonMobil,ERG,TIT000022,via di Malagrotta 220,Ponte Galeria,,50,Italy,
ExxonMobil,Arcola Saras,TIT000023,,Sarroch,,,Italy,
ExxonMobil,ENI,TIT000024,,Taranto,,,Italy,
ExxonMobil,Firmin,TIT000025,"Via ai Vodi, 3",Lavis,,38015,Italy,
ExxonMobil,ENI,TIT000026,,Vibo,,,Italy,
ExxonMobil,SARPOM,TIT000027,via Giovanni XXIII,Arluno,,20010,Italy,
ExxonMobil,Petroven,TIT000028,via dei Petroli,Marghera,,30175,Italy,
ExxonMobil,Vado Ligure ALKION,TIT000029,,Vado Ligure,,,Italy,
ExxonMobil,Gam Oil Gas,TIT000030,via A. Vespucci,Vibo Valentia,,88019,Italy,
ExxonMobil,Decal,TIT000031,via Della Geologia 11,Marghera,,30715,Italy,
ExxonMobil,API,TIT000032,via Raiale snc,Pescara,,,Italy,
ExxonMobil,ENI,TIT000033,via Marco Polo 13,Porto Torres,,7046,Italy,
ExxonMobil,API,TIT000034,Bacino Portualle,Barletta,,70015,Italy,
ExxonMobil,Q8,TIT000035,Via Leonardo Da Vinci 33-35,Livorno,,57123,Italy,
ExxonMobil,Gruppo PIR,TIT000036,Via Trieste 290,Ravenna,,48100,Italy,
ExxonMobil,Repsol,TIT000037,Via Aurelia Nord 8,Civtvecchia,,53,Italy,
ExxonMobil,Q8,TIT000038,Via Gorizia 252,Visco,,33040,Italy,
ExxonMobil,ENI,TIT000039,"Via Aurelia, 74",Livorno,,57100,Italy,
ExxonMobil,Arcola Petrolifera,TIT000040,"Via XXV Aprile, 18",La Spezia,,,Italy,
ExxonMobil,TOTALERG,TIT000041,"Via Gramsci, 1  ",Arquata (AL),,15061,Italy,
ExxonMobil,Q8,TIT000042,Via Nuova delle Brecce 205 ,Napoli,,80147,Italy,
ExxonMobil,ENI,TIT000043,Giacomo Matteotti 63 ,Ortona,,66026,Italy,
ExxonMobil,ENI,TIT000044,Via Vittorio Zaban n. 10 ,PALERMO,,90121,Italy,
ExxonMobil,ENI,TIT000045,Zona Industriale ,Porto Torres (SS),,7046,Italy,
ExxonMobil,ENI,TIT000046,"Via Pregnana, 103",Rho - MI,,,Italy,
ExxonMobil,TOTALERG,TIT000047,Via Malagrotta 226,Rome,,,Italy,
ExxonMobil,ENI,TIT000048,Via Enrico Mattei,Sannazzaro De' Burgondi (PV),,,Italy,
ExxonMobil,ENI,TIT000049,Corso Europa ,Volpiano,,10088,Italy,
ExxonMobil,TAMOIL,TIT000050,S.P. 40 Binasco ,Melegnano,,20084,Italy,
ExxonMobil,IES - Italiana Energio E Servizio (refinery),TIT000051,Strada Cipata 79,Mantova,,,Italy,
ExxonMobil,BP ,TIT000052,,Vibo,,,Italy,
ExxonMobil,Q8,TIT000053,Fabio Sacchetti 2,Civitavecchia,,,Italy,
ExxonMobil,IVI PETROLIFERA SPA,TIT000054,Località Cirras Porto Industriale,Santa Giusta ,,,Italy,
ExxonMobil,ExxonMobil,TIT000055,Via Argine 161 ,Napoli,,80147,Italy,
ExxonMobil,Rubis/ExxonMobil (JV),TJE000001,,Jersey,,,Jersey,
Statoil,Statoil,TLV000001,Laivinieku 7,Rīga,,1015,Latvia,
Statoil,Statoil,TLT000001,Sandėlių gatvė 1E,Vilnius,,2300,Lithuania,
Shell,Shell Luxembourgeoise SàRL,TLU000001,7 Rue de l'Industrie,Bertrange,,L-8069,Luxembourg,
ExxonMobil,Q8,TLU000002,,Bertrange,,L-8069,Luxembourg,
ExxonMobil,ExxonMobil,TLU000003,20 Rue de I'industrie,Bertrange,,L-8069,Luxembourg,
ExxonMobil,Grupo Simsa,TMX000001,"Excavaciones Dirreccionales, KM 56.5 Carretera Queretaro, San Luis Potosi Comunidata La Fragua",San Jose Inturbide,Guanajuato,37980,Mexico,
ExxonMobil,Watco Companies,TMX000002,Cart. SLP Via de Arriaga Pq. L,San Luis Potosi,,79525,Mexico,
Shell,Shell Nederland Verkoopmaatschappij BV – Depot Pernis,TNL000001,Propaanweg 18,Vondelingenplaat,,3196 KH,Netherlands,
Shell,Shell Nederland Verkoopmaatschappij BV – Depot Arnhem,TNL000002,Driepoortenweg 50-52,Arnhem,,6827 BR,Netherlands,
Argos,Argos (Varo),TNL000003,Centraleweg 42,Geertruidenberg,Noord-Brabant,NL-4931 NB,Netherlands,
Argos,Argos (Varo),TNL000004,Gelderlantlaan 9,Utrecht,Utrecht,NL-3526 KZ,Netherlands,
Argos,Argos (Varo),TNL000005,Grebbedijk 21,Wageningen,Gelderland,NL-6702 DS,Netherlands,
Argos,Argos (Varo),TNL000006,Katwolderweg 10,Zwolle,Overijssel,NL-8041 AD,Netherlands,
Argos,Argos (Varo),TNL000007,Admiraal de Ruyterstraat 33,Schiedam,Zuid-Holland,NL-3115 HA,Netherlands,
Argos,Argos (Varo),TNL000008,Schipperswal 31,Roermond,Limburg,NL-6041 TC,Netherlands,
Argos,Argos (Varo),TNL000009,Aardoliestraat 5,Hengelo,Overijssel,NL-7553 GT,Netherlands,
Argos,Argos (Varo),TNL000010,Lange Linden 24,Katwijk,Noord-Brabant,NL-5433 NC,Netherlands,
ExxonMobil,ExxonMobil,TNL000011,Botlekweg 121,ROTTERDAM,,3197 KA,Netherlands,
Vopak,Vopak Terminal Amsterdam Petroleumhaven,TNL000012,Petroleumhavenweg 42 ,Amsterdam,,1041AC,Netherlands,
Vopak,Vopak Terminal Botlek (Noord),TNL000013,Welplaatweg 110 Port no. 4110,Botlek Rotterdam,,3197KS,Netherlands,
Vopak,Vopak Terminal Botlek (Zuid),TNL000014,Welplaatweg 115 Port no. 4110,Botlek Rotterdam,,3197KS,Netherlands,
Vopak,Vopak Terminal Chemiehaven,TNL000015,Chemiestraat 10 Port no. 4202,Botlek Rotterdam,,3197KB,Netherlands,
Vopak,Vopak Terminal Europoort,TNL000016,Moezelweg 75 Port no. 5530,Europoort,,3198LS,Netherlands,
Vopak,Vopak Terminal Laurenshaven,TNL000017,Montrealweg 25 Port no. 4316,Botlek Rotterdam,,3197KH,Netherlands,
Vopak,Vopak Terminal TTR,TNL000018,Torontostraat 19 Port no. 4530,Botlek Rotterdam,,3197KN,Netherlands,
Vopak,Vopak Terminal Vlaardingen,TNL000019,Kon. Wilhelminahaven ZOZ 1 Port no. 625,Vlaardingen,,3134KH,Netherlands,
Vopak,Vopak Terminal Vlissingen,TNL000020,Frankrijkweg 4 Port no. 5401,Nieuwdorp,,4455TR,Netherlands,
Vopak,Vopak Terminal Eemshaven,TNL000021,Industrieweg 16 Port no. 399,Groningen,,,Netherlands,
Vopak,Vopak Terminal Amsterdam Westpoort,TNL000022,Westpoortweg 480 ,Amsterdam,,1047HB,Netherlands,
Vopak,Maasvlakte Olie Terminal,TNL000023,Europaweg 975 Port no. 8490,Maasvlakte Rotterdam,,3199LD,Netherlands,
Zenith Energy,Zenith Energy Nederland,TNL000024,"Hornweg 10,  P.O. Box 8125",Amsterdam,,1005AC ,Netherlands,
Argos,Argos (Varo),TNL000025,Oceanenweg 22,Amsterdam,Noord-Holland,NL-1047 BB,Netherlands,
Finco Fuel,Finco Fuel,TNL000026,,Groningen,,,Netherlands,
Salland,Salland Olie,TNL000027,Genuakade 4,Kampen,,8263CG,Netherlands,
ExxonMobil,Den Hartog,TNL000028,Wilgenweg 4,Groot-Ammers,,2964WG,Netherlands,
ExxonMobil,Argos (Varo),TNL000029,Petroleumhavenweg 48,Amsterdam,,1041 AC,Netherlands,
BP,BP,TNL000030,d'Arcyweg 76,Europoort Rotterdam,,3198,Netherlands,
Shell ,Koole,TNL000031,"PETROLEUMWEG 56, 3196 KD VONDELINGENPLAAT",Rotterdam,,3196,Netherlands,
Shell,Kirkenes,TNO000001,"SYDVARANGER KAI, 9900 ",Kirkenes,,9915,Norway,
Shell,Larsgården,TNO000002,Trippevegen 1,Alesund,,6009,Norway,
Shell,Lillesund,TNO000003,Storasundvegen 535,Torvastad,,4260,Norway,
Shell,Norske Shell AS Depot Sjursøya,TNO000004,Kongshavnveien 21,Oslo,,193,Norway,
Shell,Norske Shell AS Depot Skarholmen,TNO000005,Skarholmvegen 10,Kleppesto,,5300,Norway,
Shell,Norske Shell AS Depot Tananger,TNO000006,Risavika Havnering 151,Tananger,,4056,Norway,
Shell,Skjelnan,TNO000007,"TØNSVIKVEIEN 160, 9023 KROKELVDALEN",Skjelnan,,9022,Norway,
Shell,Vestervika ,TNO000008,"KVITBERGET, 8012 ",Bodø,,8001,Norway,
ExxonMobil,ExxonMobil,TNO000009,Skalevikveien 107,BERGEN,,5178,Norway,
ExxonMobil,ExxonMobil,TNO000010,Svaneveien 51,FREDRIKSTAD,,N1661 ,Norway,
ExxonMobil,ExxonMobil,TNO000011,Bliksekilveien 55,SLAGEN,,N3153,Norway,
ExxonMobil,ExxonMobil,TNO000012,Bynesveien 52,TRONDHEIM,,7486,Norway,
ExxonMobil,Uno-X,TNO000013,Sørlandsveien 324                                          ,MO I RANA,,8618,Norway,
ExxonMobil,Uno-X,TNO000014,Hydrovegen 50                                                ,SKIEN,,3908,Norway,
ExxonMobil,Uno-X,TNO000015,Breivikveien 50                                                ,STAVANGER,,4015,Norway,
ExxonMobil,Statoil,TNO000016,KONRSILOV. 88,HAMAR,,2316,Norway,
ExxonMobil,Statoil,TNO000017,Mercurveien 88,HARSTAD,,9498,Norway,
ExxonMobil,Statoil,TNO000018,Nestangen,SOGNDAL,,6856,Norway,
ExxonMobil,Statoil,TNO000019,Sjursoya,OSLO,,193,Norway,
ExxonMobil,Statoil,TNO000020,Vesterveien 25,KRISTIANSAND,,4613,Norway,
ExxonMobil,Statoil,TNO000021,,GOL,,3550,Norway,
ExxonMobil,Statoil,TNO000022,,Bukta I Alta,,,Norway,
ExxonMobil,Shell (Norweigian Military),TNO000023,Bergnesset tankanlegg,Storsteinnes,,9050,Norway,
ExxonMobil,Statoil,TNO000024,Ostre Solorvei 140,Kongsvinger,,2211,Norway,
ExxonMobil,Statoil,TNO000025,,Gjoevik,,2801,Norway,
ExxonMobil,Statoil,TNO000026,Bogaveien 113,Steinkjaer,,7725,Norway,
ExxonMobil,Flogas,TNO000027,,Kaarstoe,,,Norway,
Uno-X,Uno-X,TNO000028,Sjursoya Oljehavn,"Sjursoya,Oslo",,,Norway,
Uno-X,Uno-X,TNO000029,Kroodden,"Krodden, Kristiansand",,,Norway,
Statoil,Statoil,TNO000030,Hamnvika,Bjerkvik,,8530,Norway,
Statoil,Statoil,TNO000031,Notberget 25,Stavanger,,4029,Norway,
Statoil,Statoil,TNO000032,Bynesveien 42,Trondheim,,7018,Norway,
Statoil,Statoil,TNO000033,Hamregata 17,Florø,,6909,Norway,
Statoil,Statoil,TNO000034,Kobbhullet,Honningsvåg,,9750,Norway,
Statoil,Statoil,TNO000035,"Havneveien 1, Prestøya",Kirkenes,,9900,Norway,
Statoil,Statoil,TNO000036,Statoil Mongstad,Mongstad,,5954,Norway,
Statoil,Statoil,TNO000037,Johan Nygårds gate 21,Otta,,2670,Norway,
Statoil,Statoil,TNO000038,Omagata 110C,Kristiansund,,6517,Norway,
ExxonMobil,Statoil,TNO000039,Erdalen Str 223,Foerde,,6800,Norway,
ExxonMobil,Statoil,TNO000040,Bynesveien 42,Trondheim,,7018,Norway,
Statoil,GRUPA LOTOS,TPL000001,Elbląska 135,Rafineria Gdańsk,,80-718,Poland,
Statoil,GRUPA LOTOS,TPL000002,Elbląska 135,Terminal Gdańsk,,80-718,Poland,
Statoil,GRUPA LOTOS,TPL000003,ŁUKASIEWICZA 2,Baza Czechowice,,43-502,Poland,
Statoil,GRUPA LOTOS,TPL000004,Przemysłowa 43,Baza Piotrków,,97-300,Poland,
Statoil,GRUPA LOTOS,TPL000005,Głogowska 218,Baza Poznań,,61-161,Poland,
Statoil,GRUPA LOTOS,TPL000006,3-GO MAJA 101,Baza Jasło,,38-200,Poland,
Statoil,GRUPA LOTOS,TPL000007,Dworcowa,Baza Rypin,,87-500,Poland,
Statoil,OLPP,TPL000008,Składowa 13,Baza Strzemieszyce,,42-530,Poland,
Statoil,OLPP,TPL000009,Kościelna 4,Baza Skarżysko Kościelne,,26-115,Poland,
Statoil,OLPP,TPL000010,Naftowa 1,Baza Koluszki,,97-140,Poland,
Statoil,OLPP,TPL000011,Klembów,Baza Emilianów,,05-205,Poland,
Statoil,OLPP,TPL000012,Rejowiec Poznański,Baza Rejowiec,,62-093,Poland,
Statoil,OLPP,TPL000013,Prochowice,Baza Kawice,,59-230,Poland,
Statoil,OLPP,TPL000014,Wola Rzędzińska,Baza Wola Rzędzińska,,33-150,Poland,
Statoil,OLPP,TPL000015,Nowa Wieś Wlk,Baza Nowa Wieś Wlk,,86-060,Poland,
Statoil,POLOIL,TPL000016,Stanisławowo k/Modlina,Baza  Modlin,,05-180,Poland,
Statoil,FALCO,TPL000017,Łęgajny k/Olsztyna,Baza  Olsztyn,,11-010,Poland,
Statoil,IMSO KI,TPL000018,Szczecińska 2A,Baza Koszalin,,75-525,Poland,
Statoil,MAANTE,TPL000019,Łętownia,Baza Łętownia,,37-312,Poland,
Statoil,TANQUID,TPL000020,Zofii Nałkowskiej 51,Baza Radzionków,,41-992,Poland,
Statoil,PKN ORLEN S.A.,TPL000021,Os. Buchwałowo,Sokółka,,16-100,Poland,
Statoil,PKN ORLEN S.A.,TPL000022,Chodackiego 23,Gdańsk,,80-555,Poland,
Statoil,PKN ORLEN S.A.,TPL000023,Zemborzycka 116B,Lublin,,20-445,Poland,
Statoil,PKN ORLEN S.A.,TPL000024,Gutkowo 54,Gutkowo,,11-425,Poland,
Statoil,PKN ORLEN S.A.,TPL000025,Węglowa 1,Ostrów Wielkopolski,,63-400,Poland,
Statoil,PKN ORLEN S.A.,TPL000026,Górnośląska 12/13,Szczecin,,70-664,Poland,
Statoil,PKN ORLEN S.A.,TPL000027,al. Wolności 4,Nowa Sól,,67-100,Poland,
Statoil,PKN ORLEN S.A.,TPL000028,Estrady 8,Izabelin,,05-080,Poland,
Statoil,PKN ORLEN S.A.,TPL000029,Swojczycka 44,Wrocław,,51-501,Poland,
Statoil,PKN ORLEN S.A.,TPL000030,Olszanicka 38A,Kraków,,30-241,Poland,
Statoil,PKN ORLEN S.A.,TPL000031,Kościuszki 24,Bolesławiec,,59-700,Poland,
Statoil,PKN ORLEN S.A.,TPL000032,Bunkrowa 5,Świnoujście,,72-602,Poland,
Statoil,PKN ORLEN S.A.,TPL000033,Ogrodowa 3,Żurawica,,37-710,Poland,
Statoil,PKN ORLEN S.A.,TPL000034,Chemików 7,Płock,,09-411,Poland,
Statoil,PKN ORLEN S.A.,TPL000035,Widetka 869,Widetka,,36-145,Poland,
BP,Aleksandra,TPL000036,Malaszewicze ,Malaszewicze,Lubelskie,21-540,Poland,
BP,Amerigas,TPL000037,Dostawcza 3,Lodz,Łódzkie,93-231,Poland,
BP,Amerigas,TPL000038,Wolka Dobrynska  159,Zalesie,Lubelskie,21-512,Poland,
BP,Amerigas,TPL000039,Nowa Niedrzwica ,Przytoczna,Lubuskie,66-340,Poland,
BP,Amerigas,TPL000040,Sapolno 102A,Przechlewo,Pomorskie,77-320,Poland,
BP,Amerigas,TPL000041,Groniec 1,Slawkow,Śląskie,41-260,Poland,
BP,Amerigas,TPL000042,Rabowicka 9,Jasin,Wielkopolskie,62-020,Poland,
BP,Bioagra,TPL000043,Przemyslowa 64,Tychy,Śląskie,43-100,Poland,
BP,Gaspol,TPL000044,Gazowa 9,Lubartów,Lubelskie,21-100 ,Poland,
BP,Gaspol,TPL000045,Kodenska 4,Malaszewicze,Lubelskie,21-540,Poland,
BP,Gaspol,TPL000046,Komunalnych 1,Pleszew,Wielkopolskie,63-300,Poland,
BP,Gaspol,TPL000047,Mjr. H. Sucharskiego  51,Gdansk,Pomorskie,80-601,Poland,
BP,Glob,TPL000048,Olsztynska 5,Braniewo,Warmińsko-mazurskie,14-500,Poland,
BP,PKN,TPL000049,Radojewice ,Radojewice,Kujawsko-Pomorskie,88-114,Poland,
BP,J&S ENERGY,TPL000050,Stobno 100,Doluje,Zachodniopomorskie,72-002,Poland,
BP,Novatek,TPL000051,Ploskinia ,Ploskinia,Warmińsko-mazurskie,14-526,Poland,
BP,Novatek,TPL000052,Wola Zydowska 59,Kije,Świętokrzyskie,28-404,Poland,
BP,OLPP,TPL000053,Barycz ,Konskie,Świętokrzyskie,26-200,Poland,
BP,OLPP,TPL000054,Sienkiewicza 12,Boronow,Śląskie,42-283,Poland,
BP,OLPP,TPL000055,Chrusciel ,Braniewo,Warmińsko-mazurskie,14-500,Poland,
BP,OLPP,TPL000056,Debogorze ,Kosakowo,Pomorskie,81-198,Poland,
BP,OLPP,TPL000057,Polna 1,Jastrowie,Wielkopolskie,64-915,Poland,
BP,OLPP,TPL000058,Malaszewicze ,Malaszewicze,Lubelskie,21-540,Poland,
BP,OLPP,TPL000059,Narewka ,Narewka,Podlaskie,17-220,Poland,
BP,OLPP,TPL000060,Trzebiez ,Trzebiez,Zachodniopomorskie,72-020,Poland,
BP,OLPP,TPL000061,Bytow,Bytow,Pomorskie,77-100,Poland,
BP,OLPP,TPL000062,Lukasiewicza 1,Lubianka,Kujawsko-Pomorskie,87-152,Poland,
BP,OLPP,TPL000063,Zawadowka ,Zawadowka,Lubelskie,22-363,Poland,
BP,OrlenGaz,TPL000064,Pilsudskiego 133,Hrubieszow,Lubelskie,22-500,Poland,
BP,OrlenGaz,TPL000065,Gubinska 65,Krosno Odrzanskie,Lubuskie,66-600,Poland,
BP,OrlenGaz,TPL000066,Dworcowa 15,Nowa Brzeznica,Łódzkie,98-331,Poland,
BP,PGNiG,TPL000067,Bohaterów Westerplatte  15,Zielona Góra,Lubuskie,65-034,Poland,
BP,PKN,TPL000068,Dworcowa 9,Slawno,Zachodniopomorskie,76-100,Poland,
BP,PKN,TPL000069,Fabryczna 22,Trzebinia,Małopolskie,32-540,Poland,
BP,PolskiGaz,TPL000070,Kolonia Wagródka ,Sosnowiec,Śląskie,41-217,Poland,
BP,Statoil,TPL000071,Bortatycze ,Zamosc,Lubelskie,22-411,Poland,
BP,Transgaz,TPL000072,Zalesie ,Zalesie,Lubelskie,21-512,Poland,
BP,Lotos,TPL000073,Kasztanowa 7,Łęgajny,Warmińsko-mazurskie,11-010,Poland,
Buckeye,Buckeye,TPR000001,Road 901 KM 2.7 Bo. Camino Nuevo,Yabucoa,,767,Puerto Rico,
Vopak,Terquimsa Tarragona,TES000001,"Moll d'inflamables, s/n Port of Tarragona",Tarragona,,43004,Spain,
Vopak,Vopak Terminal Algeciras,TES000002, ,Algeciras,,,Spain,
Vopak,Terquimsa Barcelona,TES000003,"Moll d'inflamables, s/n Port of Barcelona",Barcelona,,8039,Spain,
Vopak,Vopak Terminals Gothenburg,TSE000001,Brännoljegatan 1 Skarvikshamnen,Gothenburg,,41834,Sweden,
Vopak,Vopak Terminal Malmö,TSE000002,Oljevägen Malmö Oil Harbour,Malmö,,21124,Sweden,
Vopak,Vopak Terminal Södertälje,TSE000003,Södertälje Harbour ,Södertälje,,15138,Sweden,
Vopak,Vopak Terminal Gävle,TSE000004,Frederiksskans ,Gävle,,80595,Sweden,
Statoil,Statoil,TSE000005,Skönviksvägen 2,Nacka,,131 49,Sweden,
Statoil,Statoil,TSE000006,Oljehamnen,Holmsund,,913 32,Sweden,
Statoil,Statoil,TSE000007,Oljehamnsplan 5,Kalmar,,392 31,Sweden,
Statoil,Statoil,TSE000008,Oljevägen 10,Malmö,,211 24,Sweden,
Statoil,Statoil,TSE000009,Bensinvägen 4,Sundsvall,,852 29,Sweden,
BP,ST1,TSE000010,Bensinvägen 10,Gothenburg,,418 34,Sweden,
BP,ST1,TSE000011,Stromorvagen,Lulea,,974 37,Sweden,
Argos,Rhytank,TCH000001,Hafenstrasse 87-89,Birsfelden,Basel-Landschaft,CH-4127,Switzerland,
BP,TAU Muttenz,TCH000002,Hafenstrasse 10a,Muttenz,,4132,Switzerland,
BP,TAMAG Mellingen,TCH000003,Birmerstorferstrasse 2,Mellingen,,5507,Switzerland,
BP,Petrostock Vernier,TCH000004,Route de Pré-Bois 2,Vernier,,1214,Switzerland,
BP,TAR Rümlang,TCH000005,Zwuescheteich,Ruemlang,,8153,Switzerland,
BP,Agrola Landquart,TCH000006,Löserstrasse 11,Landquart,,7302,Switzerland,
BP,Storz Pontresina,TCH000007,Cuntschett 5,Pontresina,,7504,Switzerland,
BP,Tamoil Zollikofen,TCH000008,Industriestrasse 91,Zollikofen,,3052,Switzerland,
BP,Coop Rothenburg,TCH000009,Hasenmoosstrasse 53,Rothenburg,,6023,Switzerland,
BP,Halter Schwarzenbach,TCH000010,Bahnhofstrasse 15,Schwarzenbach,,9536,Switzerland,
BP,VARO Cressier,TCH000011,Route de la Raffinerie 21,Cressier,,2088,Switzerland,
BP,Tamoil Collombey,TCH000012,Rue de la Raffinerie,Collombey-Muraz,,1868,Switzerland,
BP,ECSA Balerna,TCH000013,Via Luigi Favre 16,Balerna (Chiasso),,6828,Switzerland,
BP,Eni Sennwald,TCH000014,Simon Frick-Strasse 26,Sennwald,,9466,Switzerland,
BP,TLG Aigle,TCH000015,Route de Marais 7,Aigle,,1860,Switzerland,
BP,TLG Altishausen,TCH000016,Tanklager 4,Dotnacht,,8566,Switzerland,
BP,UBAG Rümlang,TCH000017,Zwuescheteich,Ruemlang,,8153,Switzerland,
Shell,Shell Türkiye - Ambarli,TTR000001,Shell Ambarli Dolum Tesisleri PK.50 Ambarli,Istanbul,Buyukcekmece,34315,Turkey,
Shell,Shell Türkiye - Derince,TTR000002,Deniz Mahallesi P.K. 45,Kocaeli,Derince,41900,Turkey,
Shell,Shell Türkiye - Kirikkale,TTR000003,"Kırıkkale İli Merkez İlçesi Hacılar Beldesi 137 Ada, 12  Parsel",Kirikkale,Merkez,71100,Turkey,
Shell,Shell Türkiye - Korfez,TTR000004,Petrol Caddesi,Korfez,Korfez,41780,Turkey,
Shell,Shell Türkiye - Antalya,TTR000005,"Akdeniz Bulvarı, 733 numara",Antalya,Yeniliman,7030,Turkey,
Shell,Sadaş Dolum Terminali- Gebze,TTR000006,Gebze Dilovası organize sanayi bölgesi  1004 Sok. No: 10 1. Kısım,Kocaeli,Dilovası,41455,Turkey,
Shell,Sadaş Dolum Terminali - Samsun,TTR000007,Örnek sanayi sitesi.Petrol sokak.no:16 Kirazlık mevkii,Samsun,Tekekoy,55330,Turkey,
Shell,OMV Petrol Ofisi,TTR000008,"Eregli Caddesi (main street), Maltepe Sokak (street), No:66 Marmara Ereglisi (region)",Tekirdag,,,Turkey,
Shell,OMV Petrol Ofisi,TTR000009,Siteler Mh. Petrol Ofisi Cad. No:10,Aliağa,Izmir,35800,Turkey,
ConocoPhillips,ConocoPhillips UK,TGB000001,Chester Road,Stockport (Bramhall),Stockport,SK12 1DS,United Kingdom,
ConocoPhillips,ConocoPhillips UK,TGB000002,West Riverside Road,Immingham,North East Lincolnshire ,DN40 2PB,United Kingdom,
ConocoPhillips,ConocoPhillips UK,TGB000003,Trinity Road,Kingsbury,Staffordshire,B78 2EF,United Kingdom,
ExxonMobil,ExxonMobil,TGB000004,"St. Andrews Road, Holesmouth",AVONMOUTH,Bristol,BS11 9BN,United Kingdom,
ExxonMobil,ExxonMobil,TGB000005,"Wood Lane, Erdington",BIRMINGHAM,Birmingham,B24 8DN,United Kingdom,
ExxonMobil,ExxonMobil,TGB000006,Hardley,HYTHE,Hampshire,SO45 3NR,United Kingdom,
ExxonMobil,ExxonMobil,TGB000007,London Road,PURFLEET,Essex,RM19 1RS,United Kingdom,
ExxonMobil,ExxonMobil,TGB000008,"Bedfont Road, Stanwell",STAINES,Middlesex,TW19 7LZ,United Kingdom,
Shell,Prax,TGB000009,Quay Corner,Jarrow,Tyne and Wear,NE32 3QR,United Kingdom,
Shell,Shell UK Oil Products Ltd - Shellhaven,TGB000010,The Manorway,Stanford-le-Hope,Essex,SS17 9LD,United Kingdom,
Shell,Shell UK Oil Products Ltd - Killingholme,TGB000011,Clough Lane,North Killingholme,North Lincolnshire,DN40 3JP,United Kingdom,
Vopak,Vopak,TGB000012,Oliver Road West Thurrock,"Grays, London",Essex,RM23ED,United Kingdom,
Vopak,Vopak,TGB000013,Seal Sands ,Middlesbrough,Teesside,TS2 1UA,United Kingdom,
Vopak,Vopak Terminal Windmill,TGB000014,Hayes Road Sully,Penarth,Cardiff,CF645RZ,United Kingdom,
ConocoPhillips,GB Oils ,TGB000015,,Inverness,,,United Kingdom,
ConocoPhillips,GB Oils,TGB000016,,Aberdeen,,,United Kingdom,
ConocoPhillips,NuStar ,TGB000017,London Road,Grays,Essex,RM17 5YZ,United Kingdom,
Shell,BP,TGB000018,Piccadilly Way,Kingsbury,Tamworth, B78 2HA,United Kingdom,
Shell,Essar,TGB000019,Ellesmere Port,Stanlow,Cheshire,CH65 4HB,United Kingdom,
Shell,NuStar,TGB000020,,Clydebank,,,United Kingdom,
Shell,NuStar,TGB000021,Grange Dock,Grangemouth,Falkirk,FK3 8UD,United Kingdom,
Shell,Vopak,TGB000022,,Coryton,,,United Kingdom,
Shell,Valero,TGB000023, Trinity Rd,Kingsbury,Tamworth,B78 2EJ,United Kingdom,
Shell,Valero,TGB000024,,Pembroke,,,United Kingdom,
Shell,Valero,TGB000025,Oakfield Terrace Rd,Plymouth,Plymouth,PL4 0RY,United Kingdom,
Shell,Total,TGB000026,,WOSL,,,United Kingdom,
Shell,Puma Energy UK,TGB000027,Bath Road,Theale,Reading,RG7 5BJ,United Kingdom,
Shell,Puma Energy UK,TGB000028,Oakely Green,Westerleigh,Bristol,BS37 8QE,United Kingdom,
Shell,Total,TGB000029,,Killingholme,North Lincolnshire,DN40 3LW,United Kingdom,
Shell,Total,TGB000030,,Nottingham,,,United Kingdom,
ExxonMobil,INEOS,TGB000031,Bo'Ness Rd,Grangemouth,Falkirk,FK3 9XH,United Kingdom,
ExxonMobil,Greenergy,TGB000032,"Breakwater Hill, Coxside",Plymouth,Plymouth,PL4 0RJ,United Kingdom,
Shell,Eastham Refinery LTD (ERL),TGB000033,Shell Office North Road,Ellesmere Port,Cheshire,CH651AJ,United Kingdom,
Shell,Shell,TGB000034,"Gate 2, Oil Sites Rd",Ellesmere Port,Cheshire,CH654HB,United Kingdom,
ExxonMobil,Total,TGB000035,,Guernsey,,,United Kingdom,
ExxonMobil,ExxonMobil,TGB000036,Sothampton,Fawley,Hampshire,SO45 1TX,United Kingdom,
Shell,NuStar,TGB000037,"Eastham, Bankfields Drive",Wirral,Liverpool,L62 0BA,United Kingdom,
Shell,Hertfordshire Oil Storage Ltd,TGB000038,Green Lane,Hemel Hempstead,Hertfordshire,HP2 7HZ,United Kingdom,
Shell,Puma Energy UK,TGB000039,PO Box 10,Milford Haven,Pembrokeshire,SA73 3FB,United Kingdom,
Shell,Valero,TGB000040,"Holesmouth Road, Royal Edward Dock",Avonmouth,Bristol,BS11 9BT,United Kingdom,
Circle K Europe,Circle K Europe,TGB000041,Airport Road,Sydenham,Belfast,BT3 9DY,United Kingdom,
Limetree Bay,Limetree Bay Terminals,TVI000001,1 Estate Hope,Christiansted,,820,"Virgin Islands, US",